karthick,karu,north@optonline.net,12345,false,23-10-1996,kumaran,Coimbatore,452345
xcg,fgty,nweaver@sbcglobal.net,12345,false,23-10-1996,kumaran,Coimbatore,452346
gvfzxcv,rth,maratb@yahoo.ca,12345,false,23-10-1996,kumaran,Coimbatore,452347
asdg,gfh,johnbob@verizon.net,12345,false,23-10-1996,kumaran,Coimbatore,452348
rtgwerg,dfgh,mnemonic@yahoo.ca,12345,false,13-09-1998,kumaran,Coimbatore,452349
fgserg,sdfg,ryanvm@outlook.com,12345,false,14-09-1998,kumaran,Coimbatore,452350
agdvsag,yhr,dkeeler@att.net,12345,false,15-09-1998,kumaran,Coimbatore,452351
agdvags,eygb,marin@att.net,12345,false,16-09-1998,kumaran,Coimbatore,452352
assdv,shygtdh,osaru@outlook.com,12345,false,17-09-1998,kumaran,Coimbatore,452353
asdg,dvbsd,murdocj@aol.com,12345,true,18-09-1998,kumaran,Coimbatore,452354
asdv,gsa,jacks@aol.com,12345,false,19-09-1998,kumaran,Coimbatore,452355
asvd,gfsergseg,avalon@optonline.net,12345,false,20-09-1998,kumaran,Coimbatore,452356
rt,sdfgsgr,matthijs@verizon.net,12345,false,21-09-1998,kumaran,Coimbatore,452357
assve,asfdgvszfgh,cameron@outlook.com,12345,false,22-09-1998,kumaran,Coimbatore,452358
wert,shsdghz,breegster@me.com,12345,false,23-09-1998,kumaran,Coimbatore,452359
