Arun,Kumar,arunak283933@gmail.com,23-10-1996,kumaran,Coimbatore,536432,1,1
karthick,karu,north@optonline.net,23-10-1996,kumaran,Coimbatore,452345,2,2
xcg,fgty,nweaver@sbcglobal.net,23-10-1996,kumaran,Coimbatore,452346,3,3
gvfzxcv,rth,maratb@yahoo.ca,23-10-1996,kumaran,Coimbatore,452347,4,4
asdg,gfh,johnbob@verizon.net,23-10-1996,kumaran,Coimbatore,452348,5,5
rtgwerg,dfgh,mnemonic@yahoo.ca,13-09-1998,kumaran,Coimbatore,452349,6,6
fgserg,sdfg,ryanvm@outlook.com,14-09-1998,kumaran,Coimbatore,452350,7,7
agdvsag,yhr,dkeeler@att.net,15-09-1998,kumaran,Coimbatore,452351,8,8
agdvags,eygb,marin@att.net,16-09-1998,kumaran,Coimbatore,452352,9,9
assdv,shygtdh,osaru@outlook.com,17-09-1998,kumaran,Coimbatore,452353,10,10
asdg,dvbsd,murdocj@aol.com,18-09-1998,kumaran,Coimbatore,452354,11,11
asdv,gsa,jacks@aol.com,19-09-1998,kumaran,Coimbatore,452355,12,12
asvd,gfsergseg,avalon@optonline.net,20-09-1998,kumaran,Coimbatore,452356,13,13
rt,sdfgsgr,matthijs@verizon.net,21-09-1998,kumaran,Coimbatore,452357,14,14
assve,asfdgvszfgh,cameron@outlook.com,22-09-1998,kumaran,Coimbatore,452358,15,15
wert,shsdghz,breegster@me.com,23-09-1998,kumaran,Coimbatore,452359,16,16
