Arun,Kumar,arunak283933@gmail.com,23-10-1996,kumaran,Coimbatore,536432
karthick,karu,north@optonline.net,23-10-1996,kumaran,Coimbatore,452345
xcg,fgty,nweaver@sbcglobal.net,23-10-1996,kumaran,Coimbatore,452346
gvfzxcv,rth,maratb@yahoo.ca,23-10-1996,kumaran,Coimbatore,452347
asdg,gfh,johnbob@verizon.net,23-10-1996,kumaran,Coimbatore,452348
rtgwerg,dfgh,mnemonic@yahoo.ca,13-09-1998,kumaran,Coimbatore,452349
fgserg,sdfg,ryanvm@outlook.com,14-09-1998,kumaran,Coimbatore,452350
agdvsag,yhr,dkeeler@att.net,15-09-1998,kumaran,Coimbatore,452351
agdvags,eygb,marin@att.net,16-09-1998,kumaran,Coimbatore,452352
assdv,shygtdh,osaru@outlook.com,17-09-1998,kumaran,Coimbatore,452353
asdg,dvbsd,murdocj@aol.com,18-09-1998,kumaran,Coimbatore,452354
asdv,gsa,jacks@aol.com,19-09-1998,kumaran,Coimbatore,452355
asvd,gfsergseg,avalon@optonline.net,20-09-1998,kumaran,Coimbatore,452356
rt,sdfgsgr,matthijs@verizon.net,21-09-1998,kumaran,Coimbatore,452357
assve,asfdgvszfgh,cameron@outlook.com,22-09-1998,kumaran,Coimbatore,452358
wert,shsdghz,breegster@me.com,23-09-1998,kumaran,Coimbatore,452359
